#sample	mean	median	q1	q3	10	20	30	40	50	60	70	80	90	lr0	lr1	perc_mean_fr0.5	iqr_med
HG01606	55.723558365818675	44.0	13.0	80.0	0.08264390504756082	0.16536884981257502	0.24455985844813427	0.32970875070202876	0.4062825908537877	0.47461443313628987	0.5408421871146007	0.5970146289152859	0.6493981601429253	0.007165707829094641	0.029540537897844332	63.83307078057089	1.5227272727272727
HG01607	48.59378882130785	37.0	11.0	70.0	0.08490499417306983	0.16926869537754405	0.2424009958943148	0.3233007399025906	0.395988023008986	0.46993427261408877	0.5377412884757362	0.5977868430164864	0.649965500479376	0.007138517643360653	0.028773157047766507	64.43401423936086	1.5945945945945945
HG01603	56.70241009969864	45.0	14.0	82.0	0.08320957847709733	0.1731449082528982	0.25534015050486947	0.33219618086077113	0.41348833345092556	0.4847051242447763	0.5460426562725621	0.6062063898399562	0.6547598986501902	0.007198832800621561	0.03440205114159384	62.49355904119115	1.511111111111111
HG01602	67.60485381171837	52.0	15.0	97.0	0.08525248973968164	0.16294451285946243	0.24134210496101563	0.32288588260236323	0.4012869954605763	0.4682605734437083	0.5330037832399738	0.5930062474580643	0.6450486391753628	0.007096779748229652	0.028831149137429457	64.90235603952439	1.5769230769230769
HG01605	59.96715430029191	47.0	15.0	86.0	0.0845546944639856	0.16887750192407014	0.2519197354098403	0.3328384073798051	0.4104195110862318	0.48273463775082726	0.547861095930228	0.6042650508491512	0.6522145317922535	0.007197634912500187	0.03297216177347878	62.65105192756109	1.5106382978723405
HG01610	62.52393094911327	49.0	14.0	90.0	0.08004131810461716	0.16523797425195877	0.2505105447674569	0.32616638656658725	0.39870385057210816	0.47089062540431254	0.5394875058861677	0.5940310213246155	0.6421389986316876	0.007095746707335663	0.030458023023162584	64.24354203736529	1.5510204081632653
