#sample	mean_cov	sdev_cov	med_cov	mode_cov	1x	5x	10x	15x	20x	25x	30x	45x
HG01600	79.1	97.1	48.0	0.0	0.81335	0.65132	0.62435	0.60728	0.59164	0.57624	0.56078	0.51275
HG01602	67.6	70.0	52.0	0.0	0.86408	0.80384	0.77983	0.75487	0.72667	0.69545	0.66183	0.55466
HG01603	56.7	57.0	45.0	0.0	0.86457	0.80549	0.77889	0.74917	0.71485	0.67646	0.63537	0.50621
HG01605	60.0	61.1	47.0	0.0	0.86394	0.80564	0.7808	0.75287	0.71997	0.68302	0.64308	0.51785
HG01606	55.7	56.7	44.0	0.0	0.86331	0.80325	0.77382	0.74137	0.70482	0.66517	0.62335	0.49501
HG01606	55.7	56.7	44.0	0.0	0.86331	0.80325	0.77382	0.74137	0.70482	0.66517	0.62335	0.49501
HG01607	48.6	50.5	37.0	0.0	0.85169	0.79754	0.76335	0.72345	0.67829	0.62973	0.57941	0.43403
HG01610	62.5	63.8	49.0	0.0	0.85956	0.8017	0.77626	0.74933	0.71884	0.6852	0.64894	0.53439
