#sample	0_mismatch	1_mismatch	2_mismatch	3_mismatch
HG01603	0.841628802208	0.123101976107	0.0240170966615	0.0112521250234
