#sample	0_mismatch	1_mismatch	2_mismatch	3_mismatch
HG01610	0.913475270712	0.0769901169104	0.00766545874613	0.00186915363108
