#sample	0_mismatch	1_mismatch	2_mismatch	3_mismatch
HG01605	0.88905886537	0.0938896206505	0.0130268299432	0.00402468403615
