#sample	0_mismatch	1_mismatch	2_mismatch	3_mismatch
HG01602	0.919037488074	0.0728885178173	0.00658845902732	0.00148553508097
