#sample	0_mismatch	1_mismatch	2_mismatch	3_mismatch
HG01600	0.894115119928	0.0878566369789	0.0113866906644	0.00664155242849
