#sample	0_mismatch	1_mismatch	2_mismatch	3_mismatch
HG01607	0.915534503567	0.0746105328446	0.00790825949462	0.00194670409388
